user_id,date,conversion,sessions_duration,sessions_number
1,2024-06-26,0,34,7
2,2024-06-24,0,110,9
3,2024-06-29,0,7,6
4,2024-06-28,0,61,1
5,2024-06-26,0,46,6
6,2024-06-28,0,147,9
7,2024-06-27,0,37,5
8,2024-06-30,0,130,9
9,2024-06-25,0,173,2
10,2024-06-24,0,33,4
11,2024-06-27,1,145,7
12,2024-06-28,0,72,3
13,2024-06-26,0,159,4
14,2024-06-30,0,153,3
15,2024-06-28,0,44,5
16,2024-06-27,0,7,6
17,2024-06-26,0,12,7
18,2024-06-30,0,118,2
19,2024-06-28,0,89,8
20,2024-06-28,0,94,7
21,2024-06-29,0,83,7
22,2024-06-25,1,162,8
23,2024-06-28,0,82,9
24,2024-06-28,0,46,1
25,2024-06-30,1,159,6
26,2024-06-27,0,152,6
27,2024-06-28,1,157,2
28,2024-06-28,1,29,8
29,2024-06-28,0,24,9
30,2024-06-30,0,49,1
31,2024-06-28,1,68,4
32,2024-06-26,1,177,7
33,2024-06-26,0,140,3
34,2024-06-25,0,76,6
35,2024-06-27,0,47,3
36,2024-06-26,1,138,4
37,2024-06-24,0,22,5
38,2024-06-27,0,22,6
39,2024-06-24,0,136,6
40,2024-06-24,1,53,7
41,2024-06-25,0,70,1
42,2024-06-26,1,87,4
43,2024-06-28,0,80,9
44,2024-06-27,0,148,4
45,2024-06-30,0,108,6
46,2024-06-26,1,48,2
47,2024-06-29,0,49,3
48,2024-06-25,0,162,4
49,2024-06-29,0,90,2
50,2024-06-26,1,41,6
51,2024-06-28,0,52,6
52,2024-06-24,0,49,9
53,2024-06-28,0,39,5
54,2024-06-27,0,137,3
55,2024-06-25,1,108,9
56,2024-06-26,1,97,6
57,2024-06-26,0,10,1
58,2024-06-25,0,130,6
59,2024-06-25,0,12,6
60,2024-06-30,0,79,1
61,2024-06-27,1,41,6
62,2024-06-26,0,122,4
63,2024-06-29,0,167,7
64,2024-06-28,0,156,8
65,2024-06-30,0,164,2
66,2024-06-28,0,118,4
67,2024-06-29,0,83,2
68,2024-06-28,0,177,9
69,2024-06-29,1,59,5
70,2024-06-25,0,111,3
71,2024-06-27,0,117,6
72,2024-06-27,0,91,3
73,2024-06-26,0,17,4
74,2024-06-28,0,64,1
75,2024-06-28,0,8,8
76,2024-06-25,0,30,6
77,2024-06-29,0,26,8
78,2024-06-30,0,107,8
79,2024-06-26,1,56,9
80,2024-06-26,0,170,6
81,2024-06-28,0,166,6
82,2024-06-24,1,28,2
83,2024-06-25,0,8,9
84,2024-06-26,0,102,5
85,2024-06-29,1,151,9
86,2024-06-25,0,122,8
87,2024-06-29,0,4,7
88,2024-06-24,0,38,9
89,2024-06-30,0,55,1
90,2024-06-29,0,64,6
91,2024-06-28,0,118,6
92,2024-06-28,1,175,4
93,2024-06-24,0,112,3
94,2024-06-24,0,36,8
95,2024-06-28,0,23,6
96,2024-06-25,0,126,4
97,2024-06-26,0,129,6
98,2024-06-28,0,129,9
99,2024-06-30,0,70,8
100,2024-06-30,0,145,9
101,2024-06-25,1,28,4
102,2024-06-29,0,54,3
103,2024-06-24,1,162,1
104,2024-06-27,0,99,3
105,2024-06-24,0,75,4
106,2024-06-28,0,27,2
107,2024-06-26,0,64,4
108,2024-06-24,0,3,1
109,2024-06-25,0,160,8
110,2024-06-24,0,52,8
111,2024-06-25,1,23,6
112,2024-06-24,0,106,5
113,2024-06-26,0,97,7
114,2024-06-29,0,120,2
115,2024-06-28,1,168,3
116,2024-06-29,0,114,5
117,2024-06-26,0,94,4
118,2024-06-25,0,93,7
119,2024-06-25,1,41,9
120,2024-06-28,1,138,7
121,2024-06-30,0,120,3
122,2024-06-29,1,17,8
123,2024-06-30,0,132,9
124,2024-06-27,1,93,3
125,2024-06-30,0,124,6
126,2024-06-30,0,18,3
127,2024-06-26,0,6,1
128,2024-06-24,0,129,3
129,2024-06-25,1,121,5
130,2024-06-24,0,102,9
131,2024-06-25,0,170,8
132,2024-06-28,0,161,6
133,2024-06-26,0,176,2
134,2024-06-25,0,136,6
135,2024-06-24,0,97,8
136,2024-06-26,0,113,1
137,2024-06-27,0,6,1
138,2024-06-25,0,171,4
139,2024-06-29,0,165,8
140,2024-06-28,0,84,9
141,2024-06-27,0,127,2
142,2024-06-29,0,133,2
143,2024-06-30,0,63,3
144,2024-06-30,0,109,3
145,2024-06-25,1,117,2
146,2024-06-29,0,64,3
147,2024-06-28,0,118,2
148,2024-06-25,1,145,1
149,2024-06-27,1,173,1
150,2024-06-24,0,116,4
151,2024-06-30,1,87,5
152,2024-06-24,0,117,1
153,2024-06-27,0,162,5
154,2024-06-30,0,94,7
155,2024-06-25,1,76,7
156,2024-06-29,0,28,2
157,2024-06-30,0,83,4
158,2024-06-29,0,156,1
159,2024-06-29,0,15,6
160,2024-06-27,1,118,8
161,2024-06-26,1,83,3
162,2024-06-30,0,94,1
163,2024-06-24,0,160,8
164,2024-06-29,0,169,5
165,2024-06-28,1,95,6
166,2024-06-30,1,173,5
167,2024-06-28,0,145,3
168,2024-06-27,1,149,6
169,2024-06-24,0,143,6
170,2024-06-25,1,69,9
171,2024-06-26,1,68,5
172,2024-06-28,1,85,5
173,2024-06-25,1,112,5
174,2024-06-25,0,157,6
175,2024-06-25,1,1,8
176,2024-06-29,0,50,9
177,2024-06-30,0,175,6
178,2024-06-27,0,13,1
179,2024-06-26,0,35,7
180,2024-06-25,1,44,6
181,2024-06-29,0,151,7
182,2024-06-27,0,138,4
183,2024-06-26,1,143,9
184,2024-06-26,0,155,5
185,2024-06-30,0,80,8
186,2024-06-24,0,128,5
187,2024-06-24,0,98,9
188,2024-06-30,0,90,9
189,2024-06-24,0,75,2
190,2024-06-24,0,105,6
191,2024-06-29,0,25,5
192,2024-06-26,1,131,5
193,2024-06-26,1,101,7
194,2024-06-30,0,170,9
195,2024-06-24,0,169,6
196,2024-06-25,0,163,1
197,2024-06-28,0,28,9
198,2024-06-25,1,62,7
199,2024-06-29,1,75,8
200,2024-06-29,0,163,3
201,2024-06-28,1,37,2
202,2024-06-30,0,20,1
203,2024-06-27,0,11,3
204,2024-06-24,0,146,6
205,2024-06-24,0,37,9
206,2024-06-29,0,126,2
207,2024-06-28,0,118,6
208,2024-06-27,1,116,3
209,2024-06-29,0,124,2
210,2024-06-26,1,31,2
211,2024-06-25,0,124,4
212,2024-06-25,0,167,7
213,2024-06-27,0,23,1
214,2024-06-26,0,24,2
215,2024-06-30,0,123,7
216,2024-06-30,0,23,7
217,2024-06-29,1,83,8
218,2024-06-29,1,83,9
219,2024-06-25,0,166,6
220,2024-06-30,1,16,6
221,2024-06-28,1,100,1
222,2024-06-25,1,116,9
223,2024-06-25,0,71,5
224,2024-06-26,1,173,1
225,2024-06-30,1,149,1
226,2024-06-29,1,15,2
227,2024-06-29,0,90,7
228,2024-06-30,1,154,5
229,2024-06-26,1,9,5
230,2024-06-30,1,99,9
231,2024-06-27,0,166,8
232,2024-06-30,0,171,2
233,2024-06-24,0,9,6
234,2024-06-28,0,99,7
235,2024-06-24,0,162,9
236,2024-06-24,0,1,9
237,2024-06-24,0,169,3
238,2024-06-24,0,153,6
239,2024-06-27,1,17,6
240,2024-06-27,0,32,7
241,2024-06-25,1,111,4
242,2024-06-26,0,99,3
243,2024-06-27,0,120,5
244,2024-06-26,0,82,4
245,2024-06-27,1,11,6
246,2024-06-28,1,88,5
247,2024-06-28,0,47,6
248,2024-06-26,1,121,8
249,2024-06-27,0,55,5
250,2024-06-27,0,93,2
251,2024-06-29,0,121,8
252,2024-06-29,0,63,5
253,2024-06-30,0,94,7
254,2024-06-30,0,131,7
255,2024-06-28,1,14,5
256,2024-06-30,0,47,7
257,2024-06-30,0,115,8
258,2024-06-27,0,22,9
259,2024-06-30,0,53,5
260,2024-06-30,1,96,8
261,2024-06-29,1,143,2
262,2024-06-27,1,15,3
263,2024-06-30,1,101,2
264,2024-06-29,1,53,1
265,2024-06-25,0,179,7
266,2024-06-25,0,177,8
267,2024-06-24,0,93,4
268,2024-06-25,0,13,1
269,2024-06-24,1,79,8
270,2024-06-24,0,23,3
271,2024-06-28,1,102,5
272,2024-06-26,0,9,6
273,2024-06-27,1,139,1
274,2024-06-30,0,3,3
275,2024-06-29,1,132,4
276,2024-06-24,1,36,8
277,2024-06-26,0,106,9
278,2024-06-27,1,120,1
279,2024-06-24,1,176,1
280,2024-06-26,0,165,9
281,2024-06-25,0,102,2
282,2024-06-26,0,63,3
283,2024-06-27,0,19,8
284,2024-06-25,0,54,1
285,2024-06-25,0,82,7
286,2024-06-26,0,52,2
287,2024-06-25,1,47,9
288,2024-06-28,0,115,1
289,2024-06-30,1,38,9
290,2024-06-30,0,98,1
291,2024-06-25,0,38,6
292,2024-06-28,0,119,9
293,2024-06-29,0,127,7
294,2024-06-26,0,145,7
295,2024-06-28,0,35,2
296,2024-06-26,0,163,3
297,2024-06-27,0,108,6
298,2024-06-24,1,166,1
299,2024-06-28,0,162,2
300,2024-06-24,0,42,4
301,2024-06-27,0,137,9
302,2024-06-29,0,161,2
303,2024-06-29,1,67,6
304,2024-06-26,0,171,2
305,2024-06-26,0,87,8
306,2024-06-24,1,49,9
307,2024-06-30,0,118,9
308,2024-06-29,0,129,9
309,2024-06-28,1,54,3
310,2024-06-24,0,40,6
311,2024-06-24,0,42,7
312,2024-06-28,0,29,8
313,2024-06-27,0,123,4
314,2024-06-27,1,33,7
315,2024-06-27,0,145,4
316,2024-06-27,0,67,9
317,2024-06-25,0,50,2
318,2024-06-24,0,23,2
319,2024-06-25,1,49,9
320,2024-06-25,0,94,4
321,2024-06-27,0,5,6
322,2024-06-26,0,124,7
323,2024-06-27,0,120,8
324,2024-06-24,1,144,4
325,2024-06-24,0,62,9
326,2024-06-28,1,37,7
327,2024-06-29,0,99,1
328,2024-06-24,0,175,7
329,2024-06-24,0,131,6
330,2024-06-29,0,44,6
331,2024-06-24,1,68,4
332,2024-06-27,0,102,6
333,2024-06-27,1,107,5
334,2024-06-24,0,119,1
335,2024-06-24,0,22,7
336,2024-06-27,0,1,5
337,2024-06-24,1,133,9
338,2024-06-25,1,146,9
339,2024-06-28,0,167,6
340,2024-06-28,1,61,1
341,2024-06-29,0,102,5
342,2024-06-24,1,22,6
343,2024-06-25,0,50,1
344,2024-06-30,0,125,3
345,2024-06-29,0,103,2
346,2024-06-27,1,61,4
347,2024-06-27,0,7,2
348,2024-06-27,0,57,1
349,2024-06-25,0,51,6
350,2024-06-30,0,117,7
351,2024-06-24,0,132,1
352,2024-06-26,1,15,8
353,2024-06-28,1,12,4
354,2024-06-24,0,126,5
355,2024-06-25,0,156,3
356,2024-06-27,0,112,6
357,2024-06-25,0,84,9
358,2024-06-24,1,20,8
359,2024-06-27,0,171,1
360,2024-06-28,1,122,8
361,2024-06-26,0,51,2
362,2024-06-29,0,62,1
363,2024-06-29,1,26,7
364,2024-06-28,0,149,6
365,2024-06-24,0,151,3
366,2024-06-27,1,80,2
367,2024-06-25,1,21,2
368,2024-06-29,0,160,9
369,2024-06-27,0,17,7
370,2024-06-27,0,105,4
371,2024-06-28,1,105,8
372,2024-06-27,0,81,7
373,2024-06-25,0,72,3
374,2024-06-24,0,18,8
375,2024-06-28,0,58,4
376,2024-06-29,1,78,8
377,2024-06-26,0,155,2
378,2024-06-30,1,11,1
379,2024-06-28,0,76,8
380,2024-06-30,0,116,5
381,2024-06-25,0,3,9
382,2024-06-28,0,142,8
383,2024-06-24,0,53,5
384,2024-06-25,1,155,5
385,2024-06-26,0,76,2
386,2024-06-24,0,141,4
387,2024-06-26,0,44,6
388,2024-06-25,1,3,7
389,2024-06-25,0,142,5
390,2024-06-28,0,119,6
391,2024-06-25,0,21,3
392,2024-06-25,0,176,4
393,2024-06-29,0,171,9
394,2024-06-28,0,13,3
395,2024-06-30,0,94,9
396,2024-06-30,0,102,1
397,2024-06-27,1,111,9
398,2024-06-27,0,58,4
399,2024-06-28,0,55,9
400,2024-06-28,1,95,3
401,2024-06-27,1,117,6
402,2024-06-25,1,75,4
403,2024-06-24,1,45,6
404,2024-06-28,0,49,3
405,2024-06-28,1,7,7
406,2024-06-24,0,151,1
407,2024-06-25,1,37,5
408,2024-06-26,0,147,7
409,2024-06-28,0,106,9
410,2024-06-27,0,100,3
411,2024-06-24,1,55,9
412,2024-06-26,0,104,2
413,2024-06-29,0,82,9
414,2024-06-26,0,15,8
415,2024-06-27,1,166,7
416,2024-06-28,0,146,3
417,2024-06-27,0,19,1
418,2024-06-24,0,85,3
419,2024-06-29,0,169,5
420,2024-06-29,0,100,5
421,2024-06-29,1,97,1
422,2024-06-25,0,134,5
423,2024-06-29,1,85,7
424,2024-06-26,0,151,3
425,2024-06-30,0,140,2
426,2024-06-27,0,15,4
427,2024-06-28,0,156,8
428,2024-06-27,0,159,5
429,2024-06-29,0,41,9
430,2024-06-25,1,177,4
431,2024-06-26,0,100,6
432,2024-06-29,0,174,9
433,2024-06-25,1,89,7
434,2024-06-24,0,70,3
435,2024-06-28,0,179,3
436,2024-06-30,0,71,8
437,2024-06-29,1,172,1
438,2024-06-28,0,44,9
439,2024-06-27,0,178,8
440,2024-06-27,0,47,6
441,2024-06-30,1,29,7
442,2024-06-25,0,132,9
443,2024-06-25,0,141,1
444,2024-06-28,0,152,7
445,2024-06-24,0,104,9
446,2024-06-27,0,45,8
447,2024-06-30,1,129,7
448,2024-06-24,1,7,6
449,2024-06-29,0,15,6
450,2024-06-30,1,157,9
451,2024-06-30,0,132,5
452,2024-06-25,1,27,7
453,2024-06-24,0,7,2
454,2024-06-28,0,88,5
455,2024-06-27,0,129,4
456,2024-06-29,1,112,2
457,2024-06-29,0,164,4
458,2024-06-28,1,175,3
459,2024-06-29,0,176,4
460,2024-06-27,0,96,5
461,2024-06-30,1,80,4
462,2024-06-24,1,42,7
463,2024-06-30,0,75,1
464,2024-06-30,0,8,5
465,2024-06-24,1,160,4
466,2024-06-27,1,98,2
467,2024-06-28,0,117,6
468,2024-06-27,1,161,8
469,2024-06-26,0,32,1
470,2024-06-25,0,137,3
471,2024-06-30,0,38,8
472,2024-06-25,1,148,3
473,2024-06-27,0,108,5
474,2024-06-26,1,153,5
475,2024-06-25,1,127,2
476,2024-06-25,0,19,3
477,2024-06-27,0,133,5
478,2024-06-30,1,84,9
479,2024-06-24,0,62,5
480,2024-06-28,0,153,9
481,2024-06-30,0,38,5
482,2024-06-28,0,32,7
483,2024-06-24,0,94,6
484,2024-06-29,0,48,6
485,2024-06-29,0,36,7
486,2024-06-26,0,132,4
487,2024-06-26,0,11,1
488,2024-06-24,0,112,2
489,2024-06-26,0,157,7
490,2024-06-24,1,153,9
491,2024-06-29,1,125,3
492,2024-06-25,0,34,4
493,2024-06-28,1,130,6
494,2024-06-28,0,31,9
495,2024-06-24,0,67,9
496,2024-06-30,1,75,8
497,2024-06-30,1,151,2
498,2024-06-24,1,3,5
499,2024-06-25,0,95,3
500,2024-06-27,0,40,8
501,2024-06-29,0,32,8
502,2024-06-27,1,139,5
503,2024-06-30,1,13,1
504,2024-06-25,0,66,2
505,2024-06-29,1,56,2
506,2024-06-27,0,25,1
507,2024-06-30,0,66,8
508,2024-06-27,0,107,3
509,2024-06-30,0,135,9
510,2024-06-26,0,148,5
511,2024-06-27,0,73,6
512,2024-06-27,0,115,8
513,2024-06-26,0,9,5
514,2024-06-26,0,148,1
515,2024-06-27,0,143,3
516,2024-06-29,0,35,3
517,2024-06-30,1,129,6
518,2024-06-24,0,107,8
519,2024-06-25,1,29,1
520,2024-06-25,1,176,6
521,2024-06-30,0,172,8
522,2024-06-26,0,32,7
523,2024-06-24,1,40,7
524,2024-06-24,0,92,9
525,2024-06-29,0,12,4
526,2024-06-26,0,109,4
527,2024-06-29,0,34,4
528,2024-06-28,1,50,7
529,2024-06-29,0,175,6
530,2024-06-29,1,116,7
531,2024-06-26,0,162,2
532,2024-06-29,0,54,9
533,2024-06-29,0,19,9
534,2024-06-27,1,55,6
535,2024-06-28,1,154,7
536,2024-06-28,1,93,3
537,2024-06-25,0,34,2
538,2024-06-27,1,21,7
539,2024-06-29,0,139,8
540,2024-06-25,1,84,8
541,2024-06-25,1,27,1
542,2024-06-26,0,118,3
543,2024-06-30,0,23,4
544,2024-06-24,0,51,3
545,2024-06-29,0,112,4
546,2024-06-27,0,58,3
547,2024-06-28,0,158,7
548,2024-06-30,1,109,1
549,2024-06-28,1,15,7
550,2024-06-28,0,131,9
551,2024-06-24,0,63,2
552,2024-06-28,1,96,2
553,2024-06-28,0,176,3
554,2024-06-24,0,100,7
555,2024-06-25,0,55,3
556,2024-06-27,0,36,2
557,2024-06-25,0,94,7
558,2024-06-26,0,90,5
559,2024-06-24,0,173,3
560,2024-06-25,1,89,2
561,2024-06-27,0,141,7
562,2024-06-29,1,157,4
563,2024-06-28,1,99,6
564,2024-06-25,0,6,8
565,2024-06-27,0,147,3
566,2024-06-30,1,142,7
567,2024-06-24,0,161,1
568,2024-06-24,0,109,7
569,2024-06-29,0,27,9
570,2024-06-25,0,36,2
571,2024-06-26,0,30,9
572,2024-06-25,0,114,9
573,2024-06-27,1,127,9
574,2024-06-30,1,41,8
575,2024-06-25,1,112,2
576,2024-06-26,1,3,3
577,2024-06-30,0,25,5
578,2024-06-25,1,83,2
579,2024-06-24,0,116,9
580,2024-06-25,1,71,7
581,2024-06-26,0,23,5
582,2024-06-26,0,144,1
583,2024-06-28,0,69,4
584,2024-06-30,1,144,8
585,2024-06-26,0,19,4
586,2024-06-27,0,34,1
587,2024-06-26,1,53,8
588,2024-06-26,1,27,8
589,2024-06-27,0,103,2
590,2024-06-24,1,117,5
591,2024-06-27,0,12,4
592,2024-06-28,0,59,4
593,2024-06-24,1,154,5
594,2024-06-29,0,33,1
595,2024-06-24,1,84,1
596,2024-06-24,0,130,2
597,2024-06-30,1,120,9
598,2024-06-26,0,89,1
599,2024-06-24,0,20,3
600,2024-06-25,0,24,6
601,2024-06-27,0,56,2
602,2024-06-24,0,16,5
603,2024-06-24,0,119,7
604,2024-06-24,0,72,7
605,2024-06-25,0,120,5
606,2024-06-28,0,6,5
607,2024-06-27,0,60,3
608,2024-06-30,0,90,2
609,2024-06-30,1,126,6
610,2024-06-27,0,139,5
611,2024-06-30,1,148,9
612,2024-06-27,1,155,1
613,2024-06-29,1,161,8
614,2024-06-26,1,148,9
615,2024-06-30,0,148,1
616,2024-06-28,0,70,4
617,2024-06-29,0,171,7
618,2024-06-28,0,6,4
619,2024-06-30,1,61,1
620,2024-06-24,0,80,8
621,2024-06-26,0,136,4
622,2024-06-30,1,43,7
623,2024-06-30,1,172,5
624,2024-06-26,1,138,3
625,2024-06-25,0,61,5
626,2024-06-30,1,165,2
627,2024-06-30,0,147,7
628,2024-06-28,0,86,9
629,2024-06-27,1,178,3
630,2024-06-29,0,136,8
631,2024-06-25,0,60,9
632,2024-06-29,1,11,8
633,2024-06-29,0,159,2
634,2024-06-29,0,145,4
635,2024-06-26,0,112,2
636,2024-06-24,0,170,1
637,2024-06-29,0,161,9
638,2024-06-27,1,114,4
639,2024-06-25,0,47,4
640,2024-06-30,0,6,3
641,2024-06-24,0,43,2
642,2024-06-27,1,108,3
643,2024-06-29,1,128,1
644,2024-06-27,0,84,5
645,2024-06-24,1,14,7
646,2024-06-26,0,78,6
647,2024-06-30,0,24,6
648,2024-06-27,0,107,2
649,2024-06-26,0,165,9
650,2024-06-30,0,59,6
651,2024-06-24,1,127,7
652,2024-06-30,1,19,7
653,2024-06-26,0,25,3
654,2024-06-30,1,162,3
655,2024-06-30,1,3,9
656,2024-06-24,1,145,1
657,2024-06-25,0,18,8
658,2024-06-24,0,137,6
659,2024-06-26,1,143,5
660,2024-06-30,0,161,5
661,2024-06-30,1,167,8
662,2024-06-25,0,70,4
663,2024-06-26,0,57,2
664,2024-06-27,0,60,7
665,2024-06-29,0,144,9
666,2024-06-24,1,141,6
667,2024-06-25,1,18,6
668,2024-06-26,0,134,8
669,2024-06-26,1,82,8
670,2024-06-28,0,100,3
671,2024-06-27,1,94,8
672,2024-06-27,1,40,3
673,2024-06-24,1,55,2
674,2024-06-28,0,91,1
675,2024-06-29,0,70,1
676,2024-06-27,0,72,6
677,2024-06-28,1,112,4
678,2024-06-24,0,124,9
679,2024-06-24,1,106,7
680,2024-06-27,0,154,5
681,2024-06-30,0,80,7
682,2024-06-28,0,15,7
683,2024-06-25,1,116,8
684,2024-06-26,0,59,9
685,2024-06-24,0,15,4
686,2024-06-27,0,117,3
687,2024-06-27,0,100,9
688,2024-06-27,0,147,9
689,2024-06-24,0,72,2
690,2024-06-25,1,136,5
691,2024-06-30,0,60,9
692,2024-06-27,0,45,6
693,2024-06-25,0,22,3
694,2024-06-30,0,175,8
695,2024-06-25,0,88,1
696,2024-06-28,0,59,8
697,2024-06-24,0,161,4
698,2024-06-24,1,49,1
699,2024-06-24,0,77,1
700,2024-06-26,0,137,6
701,2024-06-27,0,120,1
702,2024-06-26,0,26,7
703,2024-06-28,0,121,2
704,2024-06-30,0,48,7
705,2024-06-27,0,130,9
706,2024-06-28,0,172,1
707,2024-06-29,0,125,1
708,2024-06-25,0,9,2
709,2024-06-30,0,69,6
710,2024-06-26,0,125,6
711,2024-06-28,0,104,5
712,2024-06-28,0,70,6
713,2024-06-30,0,137,4
714,2024-06-28,0,41,5
715,2024-06-25,0,95,3
716,2024-06-29,0,94,1
717,2024-06-30,1,14,5
718,2024-06-25,0,97,7
719,2024-06-26,0,136,6
720,2024-06-27,0,153,5
721,2024-06-29,1,22,7
722,2024-06-27,0,161,7
723,2024-06-24,1,141,3
724,2024-06-25,0,136,3
725,2024-06-30,0,109,1
726,2024-06-26,0,169,7
727,2024-06-28,1,128,2
728,2024-06-30,0,70,7
729,2024-06-29,0,85,1
730,2024-06-27,0,19,3
731,2024-06-26,1,23,7
732,2024-06-28,1,141,8
733,2024-06-24,0,86,9
734,2024-06-29,0,134,3
735,2024-06-28,0,74,3
736,2024-06-25,0,91,1
737,2024-06-28,0,101,2
738,2024-06-30,1,175,3
739,2024-06-27,1,4,3
740,2024-06-24,1,143,8
741,2024-06-28,0,32,4
742,2024-06-30,0,177,5
743,2024-06-26,0,87,2
744,2024-06-30,1,52,7
745,2024-06-28,0,173,5
746,2024-06-24,1,176,2
747,2024-06-29,1,72,8
748,2024-06-28,0,65,6
749,2024-06-28,1,158,9
750,2024-06-30,0,58,6
751,2024-06-24,0,104,2
752,2024-06-27,0,21,3
753,2024-06-27,0,21,3
754,2024-06-29,0,144,3
755,2024-06-24,1,10,8
756,2024-06-28,1,37,2
757,2024-06-29,0,106,8
758,2024-06-28,0,148,3
759,2024-06-29,0,105,3
760,2024-06-28,0,53,1
761,2024-06-24,0,124,8
762,2024-06-30,0,66,7
763,2024-06-24,0,179,3
764,2024-06-26,1,177,9
765,2024-06-29,0,90,1
766,2024-06-28,0,27,7
767,2024-06-29,0,151,7
768,2024-06-29,1,42,8
769,2024-06-28,0,134,1
770,2024-06-28,0,164,5
771,2024-06-24,0,169,9
772,2024-06-25,0,148,3
773,2024-06-28,0,14,6
774,2024-06-30,1,170,5
775,2024-06-29,0,148,3
776,2024-06-25,0,38,1
777,2024-06-30,0,33,3
778,2024-06-27,0,20,3
779,2024-06-27,0,91,3
780,2024-06-28,0,54,2
781,2024-06-28,0,2,4
782,2024-06-29,1,171,4
783,2024-06-26,0,3,1
784,2024-06-25,0,18,1
785,2024-06-25,1,171,8
786,2024-06-29,1,160,8
787,2024-06-25,0,134,7
788,2024-06-29,0,137,8
789,2024-06-28,0,106,9
790,2024-06-28,0,61,7
791,2024-06-25,1,131,7
792,2024-06-28,1,136,4
793,2024-06-27,1,63,5
794,2024-06-24,0,5,9
795,2024-06-29,0,43,2
796,2024-06-29,0,63,2
797,2024-06-26,0,110,9
798,2024-06-26,0,175,6
799,2024-06-24,1,51,8
800,2024-06-25,0,50,7
801,2024-06-30,0,150,4
802,2024-06-29,0,87,5
803,2024-06-25,1,103,6
804,2024-06-28,0,109,9
805,2024-06-26,0,84,6
806,2024-06-30,0,33,9
807,2024-06-27,1,20,4
808,2024-06-27,0,32,2
809,2024-06-30,0,50,8
810,2024-06-29,1,174,9
811,2024-06-30,1,57,6
812,2024-06-25,1,148,9
813,2024-06-29,0,6,6
814,2024-06-25,0,165,1
815,2024-06-25,0,107,3
816,2024-06-26,0,144,5
817,2024-06-25,0,127,3
818,2024-06-24,0,33,6
819,2024-06-24,0,106,8
820,2024-06-27,0,140,2
821,2024-06-25,0,47,9
822,2024-06-26,1,177,3
823,2024-06-30,1,61,7
824,2024-06-25,0,101,2
825,2024-06-29,0,147,5
826,2024-06-30,1,58,8
827,2024-06-26,0,38,5
828,2024-06-25,1,144,6
829,2024-06-30,1,160,4
830,2024-06-28,0,14,5
831,2024-06-25,0,143,3
832,2024-06-29,0,111,3
833,2024-06-26,0,68,4
834,2024-06-30,1,153,6
835,2024-06-27,1,6,3
836,2024-06-25,0,144,1
837,2024-06-28,0,52,7
838,2024-06-27,0,10,7
839,2024-06-26,0,93,8
840,2024-06-26,0,127,2
841,2024-06-26,0,160,9
842,2024-06-29,0,65,4
843,2024-06-25,0,63,8
844,2024-06-24,1,151,8
845,2024-06-25,0,6,1
846,2024-06-28,0,116,5
847,2024-06-26,0,47,2
848,2024-06-25,0,149,3
849,2024-06-26,0,69,1
850,2024-06-25,0,143,9
851,2024-06-28,1,76,7
852,2024-06-25,1,155,9
853,2024-06-24,0,123,7
854,2024-06-24,0,162,6
855,2024-06-24,1,36,9
856,2024-06-27,0,13,6
857,2024-06-27,0,87,5
858,2024-06-26,0,143,4
859,2024-06-28,1,104,5
860,2024-06-27,1,46,4
861,2024-06-26,0,62,1
862,2024-06-24,0,11,7
863,2024-06-29,0,4,6
864,2024-06-27,0,174,7
865,2024-06-27,0,119,8
866,2024-06-30,0,88,2
867,2024-06-26,0,135,1
868,2024-06-27,1,15,3
869,2024-06-28,1,162,5
870,2024-06-25,1,134,1
871,2024-06-25,0,114,4
872,2024-06-26,0,22,8
873,2024-06-24,1,40,2
874,2024-06-25,0,49,5
875,2024-06-24,0,153,1
876,2024-06-24,1,81,4
877,2024-06-24,1,33,1
878,2024-06-25,0,172,3
879,2024-06-30,1,151,6
880,2024-06-30,0,95,7
881,2024-06-27,0,112,7
882,2024-06-26,0,148,1
883,2024-06-28,1,120,7
884,2024-06-24,0,57,2
885,2024-06-30,1,137,2
886,2024-06-27,0,161,5
887,2024-06-27,0,20,5
888,2024-06-28,0,146,4
889,2024-06-25,0,160,6
890,2024-06-26,0,51,1
891,2024-06-28,1,157,7
892,2024-06-26,0,79,8
893,2024-06-29,0,116,7
894,2024-06-29,0,30,5
895,2024-06-27,1,48,3
896,2024-06-28,0,45,9
897,2024-06-30,1,30,8
898,2024-06-25,1,16,6
899,2024-06-28,1,63,3
900,2024-06-30,1,20,6
901,2024-06-27,1,103,7
902,2024-06-28,1,18,7
903,2024-06-26,0,31,8
904,2024-06-25,0,143,5
905,2024-06-25,0,41,4
906,2024-06-24,1,137,8
907,2024-06-27,1,170,2
908,2024-06-29,0,9,6
909,2024-06-29,0,168,6
910,2024-06-24,0,96,6
911,2024-06-26,0,155,6
912,2024-06-27,0,154,4
913,2024-06-29,0,30,5
914,2024-06-27,0,9,1
915,2024-06-25,0,35,7
916,2024-06-30,1,53,8
917,2024-06-26,1,172,1
918,2024-06-24,0,159,9
919,2024-06-25,0,117,4
920,2024-06-30,0,44,4
921,2024-06-29,0,66,9
922,2024-06-25,1,60,5
923,2024-06-28,0,83,7
924,2024-06-30,0,1,6
925,2024-06-28,0,119,5
926,2024-06-30,0,176,1
927,2024-06-28,0,41,4
928,2024-06-27,1,169,9
929,2024-06-28,0,125,4
930,2024-06-26,0,134,4
931,2024-06-25,1,91,9
932,2024-06-25,1,100,5
933,2024-06-24,0,39,9
934,2024-06-26,0,40,4
935,2024-06-24,1,135,7
936,2024-06-28,0,126,1
937,2024-06-30,0,35,6
938,2024-06-30,0,112,2
939,2024-06-27,0,145,1
940,2024-06-29,1,162,2
941,2024-06-28,1,142,2
942,2024-06-27,0,129,7
943,2024-06-27,0,78,1
944,2024-06-25,0,41,5
945,2024-06-27,0,119,9
946,2024-06-26,0,98,4
947,2024-06-29,0,117,6
948,2024-06-27,1,170,7
949,2024-06-28,0,54,4
950,2024-06-29,0,44,4
951,2024-06-27,0,76,9
952,2024-06-26,0,89,3
953,2024-06-29,1,102,9
954,2024-06-24,0,152,6
955,2024-06-29,0,172,9
956,2024-06-24,1,28,5
957,2024-06-27,0,11,6
958,2024-06-27,0,92,9
959,2024-06-29,0,62,5
960,2024-06-30,0,35,5
961,2024-06-27,1,130,2
962,2024-06-30,0,18,4
963,2024-06-30,0,36,7
964,2024-06-29,0,84,7
965,2024-06-24,0,106,7
966,2024-06-28,0,109,7
967,2024-06-25,1,54,5
968,2024-06-25,1,70,8
969,2024-06-26,0,35,1
970,2024-06-28,1,124,8
971,2024-06-24,0,169,1
972,2024-06-24,0,10,6
973,2024-06-24,0,70,1
974,2024-06-29,0,135,2
975,2024-06-27,0,130,2
976,2024-06-30,1,3,7
977,2024-06-28,0,24,1
978,2024-06-28,0,157,1
979,2024-06-25,0,40,8
980,2024-06-30,0,10,4
981,2024-06-24,1,8,7
982,2024-06-30,0,129,2
983,2024-06-30,0,68,1
984,2024-06-25,0,55,3
985,2024-06-27,1,29,6
986,2024-06-27,1,81,9
987,2024-06-25,1,123,4
988,2024-06-25,0,177,5
989,2024-06-27,0,12,9
990,2024-06-28,0,49,1
991,2024-06-30,0,156,1
992,2024-06-30,1,71,4
993,2024-06-29,0,148,6
994,2024-06-30,1,157,6
995,2024-06-29,1,173,3
996,2024-06-27,0,113,8
997,2024-06-27,0,75,4
998,2024-06-30,1,34,9
999,2024-06-28,1,104,8
1000,2024-06-25,0,16,4
1001,2024-06-26,0,111,8
1002,2024-06-25,0,113,2
1003,2024-06-28,0,60,8
1004,2024-06-28,0,64,3
1005,2024-06-24,1,13,8
1006,2024-06-24,0,111,7
1007,2024-06-25,0,4,7
1008,2024-06-25,1,162,4
1009,2024-06-25,1,122,3
1010,2024-06-24,0,176,4
1011,2024-06-29,0,23,4
1012,2024-06-26,1,80,4
1013,2024-06-25,0,173,1
1014,2024-06-24,0,41,4
1015,2024-06-26,0,127,5
1016,2024-06-26,0,67,8
1017,2024-06-24,1,53,6
1018,2024-06-26,1,170,5
1019,2024-06-25,0,55,8
1020,2024-06-26,1,51,3
1021,2024-06-30,0,39,3
1022,2024-06-28,0,125,8
1023,2024-06-25,0,51,9
1024,2024-06-26,0,80,6
1025,2024-06-28,1,9,9
1026,2024-06-28,0,60,9
1027,2024-06-27,0,70,5
1028,2024-06-24,0,64,6
1029,2024-06-30,0,83,8
1030,2024-06-27,0,138,9
1031,2024-06-25,0,112,9
1032,2024-06-28,1,103,7
1033,2024-06-27,1,158,2
1034,2024-06-29,1,18,5
1035,2024-06-24,0,5,9
1036,2024-06-30,0,151,7
1037,2024-06-28,0,87,6
1038,2024-06-28,0,44,4
1039,2024-06-24,0,15,7
1040,2024-06-26,0,132,9
1041,2024-06-25,1,24,8
1042,2024-06-24,0,128,4
1043,2024-06-30,1,77,9
1044,2024-06-25,0,172,1
1045,2024-06-25,1,116,7
1046,2024-06-25,0,23,5
1047,2024-06-30,1,97,3
1048,2024-06-28,1,38,8
1049,2024-06-29,0,28,9
1050,2024-06-28,0,26,5
1051,2024-06-29,0,27,1
1052,2024-06-24,0,103,4
1053,2024-06-27,0,99,4
1054,2024-06-29,0,60,7
1055,2024-06-26,0,2,7
1056,2024-06-25,0,61,8
1057,2024-06-30,1,99,8
1058,2024-06-26,0,29,3
1059,2024-06-28,1,83,6
1060,2024-06-30,0,148,7
1061,2024-06-26,1,10,9
1062,2024-06-25,0,100,7
1063,2024-06-28,0,20,5
1064,2024-06-28,1,88,6
1065,2024-06-27,0,104,2
1066,2024-06-30,0,20,2
1067,2024-06-30,1,144,7
1068,2024-06-28,0,112,5
1069,2024-06-24,0,75,5
1070,2024-06-29,1,24,7
1071,2024-06-29,1,51,8
1072,2024-06-25,0,97,8
1073,2024-06-25,0,89,9
1074,2024-06-30,1,57,2
1075,2024-06-30,0,135,6
1076,2024-06-25,1,36,8
1077,2024-06-26,0,37,6
1078,2024-06-27,0,156,8
1079,2024-06-27,1,6,6
1080,2024-06-25,0,132,4
1081,2024-06-24,0,65,5
1082,2024-06-30,0,27,9
1083,2024-06-29,0,73,7
1084,2024-06-24,0,137,2
1085,2024-06-29,0,24,2
1086,2024-06-24,1,40,2
1087,2024-06-30,0,112,1
1088,2024-06-24,0,120,9
1089,2024-06-27,0,17,4
1090,2024-06-28,0,28,3
1091,2024-06-25,0,174,1
1092,2024-06-30,0,127,3
1093,2024-06-30,0,114,6
1094,2024-06-28,0,149,1
1095,2024-06-24,0,55,1
1096,2024-06-26,1,54,3
1097,2024-06-29,1,134,5
1098,2024-06-24,0,97,4
1099,2024-06-25,0,175,3
1100,2024-06-28,1,118,9
1101,2024-06-29,0,178,3
1102,2024-06-25,1,67,1
1103,2024-06-27,0,6,6
1104,2024-06-29,0,16,8
1105,2024-06-29,0,34,9
1106,2024-06-24,1,22,1
1107,2024-06-30,0,102,8
1108,2024-06-29,1,128,8
1109,2024-06-24,0,23,4
1110,2024-06-29,1,133,4
1111,2024-06-26,1,29,8
1112,2024-06-27,0,160,9
1113,2024-06-24,0,161,8
1114,2024-06-26,1,126,6
1115,2024-06-27,0,27,5
1116,2024-06-26,0,18,4
1117,2024-06-24,0,151,4
1118,2024-06-27,0,131,9
1119,2024-06-30,1,131,8
1120,2024-06-25,0,143,1
1121,2024-06-26,1,168,7
1122,2024-06-28,0,159,5
1123,2024-06-30,1,132,9
1124,2024-06-30,1,101,9
1125,2024-06-25,0,124,7
1126,2024-06-25,0,20,6
1127,2024-06-27,1,175,1
1128,2024-06-24,0,119,3
1129,2024-06-27,0,48,4
1130,2024-06-25,0,90,3
1131,2024-06-29,0,152,3
1132,2024-06-28,0,98,8
1133,2024-06-24,0,21,5
1134,2024-06-30,0,51,2
1135,2024-06-27,1,113,6
1136,2024-06-24,0,130,5
1137,2024-06-25,0,10,1
1138,2024-06-29,0,43,4
1139,2024-06-25,0,60,6
1140,2024-06-27,0,35,8
1141,2024-06-25,0,149,9
1142,2024-06-25,0,67,4
1143,2024-06-30,0,62,6
1144,2024-06-24,0,173,9
1145,2024-06-28,0,153,6
1146,2024-06-26,0,118,8
1147,2024-06-26,0,122,4
1148,2024-06-25,1,49,6
1149,2024-06-24,0,53,4
1150,2024-06-29,1,139,6
1151,2024-06-28,1,63,9
1152,2024-06-26,0,162,8
1153,2024-06-30,1,7,5
1154,2024-06-27,1,23,7
1155,2024-06-27,1,123,1
1156,2024-06-27,0,5,1
1157,2024-06-26,1,63,6
1158,2024-06-24,1,1,6
1159,2024-06-30,1,6,3
1160,2024-06-30,0,33,1
1161,2024-06-28,0,101,1
1162,2024-06-27,0,141,5
1163,2024-06-30,0,7,3
1164,2024-06-29,0,80,5
1165,2024-06-25,0,49,6
1166,2024-06-29,0,29,6
1167,2024-06-24,1,109,5
1168,2024-06-29,0,11,7
1169,2024-06-26,1,98,2
1170,2024-06-28,0,79,9
1171,2024-06-26,0,15,3
1172,2024-06-27,0,7,4
1173,2024-06-25,0,59,2
1174,2024-06-30,0,145,8
1175,2024-06-27,0,96,4
1176,2024-06-26,0,20,8
1177,2024-06-29,0,27,7
1178,2024-06-25,1,67,6
1179,2024-06-25,0,96,6
1180,2024-06-24,0,40,1
1181,2024-06-29,1,144,8
1182,2024-06-28,0,1,2
1183,2024-06-30,1,110,4
1184,2024-06-26,1,23,6
1185,2024-06-28,0,97,8
1186,2024-06-25,0,7,2
1187,2024-06-29,0,33,2
1188,2024-06-24,0,50,7
1189,2024-06-29,1,72,6
1190,2024-06-30,0,9,4
1191,2024-06-27,0,30,4
1192,2024-06-26,0,44,4
1193,2024-06-25,0,118,2
1194,2024-06-25,0,167,8
1195,2024-06-25,0,27,7
1196,2024-06-25,0,85,1
1197,2024-06-26,1,141,1
1198,2024-06-25,0,35,1
1199,2024-06-29,0,7,7
1200,2024-06-26,0,149,1
1201,2024-06-26,1,1,8
1202,2024-06-26,0,150,8
1203,2024-06-27,0,41,4
1204,2024-06-30,0,66,3
1205,2024-06-25,0,30,8
1206,2024-06-27,0,47,6
1207,2024-06-27,0,8,2
1208,2024-06-30,1,24,8
1209,2024-06-24,0,106,4
1210,2024-06-26,1,23,5
1211,2024-06-28,0,57,2
1212,2024-06-29,1,43,8
1213,2024-06-28,0,42,3
1214,2024-06-29,0,147,2
1215,2024-06-27,0,27,5
1216,2024-06-27,0,90,8
1217,2024-06-27,1,36,1
1218,2024-06-24,0,109,9
1219,2024-06-26,1,44,3
1220,2024-06-26,0,168,8
1221,2024-06-28,0,19,5
1222,2024-06-28,0,49,8
1223,2024-06-27,1,34,4
1224,2024-06-26,0,104,3
1225,2024-06-28,0,11,1
1226,2024-06-26,0,85,7
1227,2024-06-24,0,86,2
1228,2024-06-27,0,48,9
1229,2024-06-27,0,77,6
1230,2024-06-28,0,28,1
1231,2024-06-27,0,117,1
1232,2024-06-28,0,174,5
1233,2024-06-28,0,132,1
1234,2024-06-29,0,108,5
1235,2024-06-27,1,69,6
1236,2024-06-28,0,131,3
1237,2024-06-24,1,172,9
1238,2024-06-26,0,141,9
1239,2024-06-29,0,102,2
1240,2024-06-30,1,145,1
1241,2024-06-24,1,122,3
1242,2024-06-29,0,143,2
1243,2024-06-27,0,80,3
1244,2024-06-25,0,89,4
1245,2024-06-28,1,175,6
1246,2024-06-24,0,130,6
1247,2024-06-24,0,41,7
1248,2024-06-29,1,55,4
1249,2024-06-26,1,140,2
1250,2024-06-26,0,103,9
1251,2024-06-24,1,161,4
1252,2024-06-30,0,5,4
1253,2024-06-26,0,79,6
1254,2024-06-27,0,44,3
1255,2024-06-27,1,156,4
1256,2024-06-30,1,143,9
1257,2024-06-29,0,31,4
1258,2024-06-27,1,21,4
1259,2024-06-30,0,61,6
1260,2024-06-30,0,176,9
1261,2024-06-25,1,35,2
1262,2024-06-28,1,17,4
1263,2024-06-28,1,27,8
1264,2024-06-30,0,111,9
1265,2024-06-25,1,136,8
1266,2024-06-29,0,165,6
1267,2024-06-29,0,42,2
1268,2024-06-27,1,23,6
1269,2024-06-27,0,129,9
1270,2024-06-26,0,143,3
1271,2024-06-25,0,158,6
1272,2024-06-30,1,77,2
1273,2024-06-25,1,60,3
1274,2024-06-27,0,169,8
1275,2024-06-27,0,42,8
1276,2024-06-26,1,179,2
1277,2024-06-24,0,171,5
1278,2024-06-24,1,67,7
1279,2024-06-27,1,138,1
1280,2024-06-25,1,146,8
1281,2024-06-28,0,17,2
1282,2024-06-26,1,171,7
1283,2024-06-30,1,51,1
1284,2024-06-24,0,155,9
1285,2024-06-30,0,8,7
1286,2024-06-26,0,119,6
1287,2024-06-29,0,92,5
1288,2024-06-25,1,21,5
1289,2024-06-27,1,141,4
1290,2024-06-24,0,59,2
1291,2024-06-27,0,151,9
1292,2024-06-29,1,86,4
1293,2024-06-26,0,154,8
1294,2024-06-29,1,5,6
1295,2024-06-29,0,79,1
1296,2024-06-24,0,91,4
1297,2024-06-26,1,65,3
1298,2024-06-28,0,115,3
1299,2024-06-24,0,22,8
1300,2024-06-24,0,18,8
1301,2024-06-28,1,73,4
1302,2024-06-25,0,160,2
1303,2024-06-30,1,164,5
1304,2024-06-28,0,110,1
1305,2024-06-29,1,103,9
1306,2024-06-28,0,84,9
1307,2024-06-27,0,108,7
1308,2024-06-28,0,100,5
1309,2024-06-24,0,108,7
1310,2024-06-30,1,114,5
1311,2024-06-25,1,42,1
1312,2024-06-29,0,28,5
1313,2024-06-25,1,30,8
1314,2024-06-24,0,21,8
1315,2024-06-25,1,72,8
1316,2024-06-28,1,99,4
1317,2024-06-28,0,124,9
1318,2024-06-28,0,153,6
1319,2024-06-27,0,53,6
1320,2024-06-28,0,16,4
1321,2024-06-27,0,83,5
1322,2024-06-25,0,89,2
1323,2024-06-28,0,19,5
1324,2024-06-28,0,69,4
1325,2024-06-24,1,138,8
1326,2024-06-24,1,79,6
1327,2024-06-29,0,44,1
1328,2024-06-28,1,86,5
1329,2024-06-30,0,131,3
1330,2024-06-24,1,34,3
1331,2024-06-28,1,157,3
1332,2024-06-26,0,139,7
1333,2024-06-27,0,2,8
1334,2024-06-24,0,175,4
1335,2024-06-26,0,50,1
1336,2024-06-30,0,132,3
1337,2024-06-26,0,101,4
1338,2024-06-24,0,36,6
1339,2024-06-27,0,46,3
1340,2024-06-27,1,92,2
1341,2024-06-27,0,147,3
1342,2024-06-25,1,18,1
1343,2024-06-28,0,109,1
1344,2024-06-29,1,163,7
1345,2024-06-29,1,158,5
1346,2024-06-26,1,26,1
1347,2024-06-30,0,132,6
1348,2024-06-25,1,108,4
1349,2024-06-30,1,47,7
1350,2024-06-28,1,158,2
1351,2024-06-30,0,35,5
1352,2024-06-30,1,161,4
1353,2024-06-30,1,44,2
1354,2024-06-25,0,82,7
1355,2024-06-28,0,137,8
1356,2024-06-30,0,64,7
1357,2024-06-28,0,16,7
1358,2024-06-26,0,75,8
1359,2024-06-25,0,68,4
1360,2024-06-26,1,154,9
1361,2024-06-26,0,103,4
1362,2024-06-30,0,111,6
1363,2024-06-24,0,41,2
1364,2024-06-26,0,137,3
1365,2024-06-24,0,49,9
1366,2024-06-28,0,27,7
1367,2024-06-29,1,108,6
1368,2024-06-24,0,107,3
1369,2024-06-27,1,65,8
1370,2024-06-24,0,98,2
1371,2024-06-26,0,110,5
1372,2024-06-25,0,26,2
1373,2024-06-28,1,30,5
1374,2024-06-24,1,52,3
1375,2024-06-30,0,98,4
1376,2024-06-24,0,11,4
